Scenario,Strategy,Pre-Fill,Post-Fill,Min Fill,Fill Drop %,Final Fill,Final Cost,Holding Cost,Backlog Cost,Bullwhip,Backlog Dur,TTR,post_fill_mean,post_fill_std,final_cost_mean,final_cost_std,ttr_mean,ttr_std,BW Retailer,BW DC,BW Plant,BW Supplier
capacity_loss,baseline,0.969 ± nan,0.797 ± nan,0.773 ± nan,20.2 ± nan,0.792 ± nan,141826 ± nan,44986 ± nan,96840 ± nan,0.041 ± nan,106.5 ± nan,109.0 ± nan,0.7971797042131761,,141826.0,,109.0,,11.91 ± nan,0.08 ± nan,0.01 ± nan,2.97 ± nan
capacity_loss,dual_only,0.969 ± nan,0.797 ± nan,0.773 ± nan,20.2 ± nan,0.792 ± nan,141826 ± nan,44986 ± nan,96840 ± nan,0.040 ± nan,106.5 ± nan,109.0 ± nan,0.7971797042131761,,141826.0,,109.0,,11.91 ± nan,0.08 ± nan,0.01 ± nan,2.92 ± nan
capacity_loss,safety_only,1.000 ± nan,1.000 ± nan,0.997 ± nan,0.3 ± nan,1.000 ± nan,63824 ± nan,63749 ± nan,75 ± nan,0.039 ± nan,2.0 ± nan,11.0 ± nan,0.9998739357485121,,63824.0,,11.0,,3.78 ± nan,0.63 ± nan,0.01 ± nan,2.97 ± nan
capacity_loss,flex_only,1.000 ± nan,1.000 ± nan,0.997 ± nan,0.3 ± nan,1.000 ± nan,63824 ± nan,63749 ± nan,75 ± nan,0.039 ± nan,2.0 ± nan,11.0 ± nan,0.9998739357485121,,63824.0,,11.0,,3.78 ± nan,0.63 ± nan,0.01 ± nan,2.97 ± nan
capacity_loss,dynalloc_only,1.000 ± nan,1.000 ± nan,0.998 ± nan,0.2 ± nan,1.000 ± nan,64348 ± nan,64333 ± nan,15 ± nan,0.055 ± nan,0.5 ± nan,24.0 ± nan,0.999977331635517,,64348.0,,24.0,,1.68 ± nan,1.66 ± nan,0.01 ± nan,2.97 ± nan
capacity_loss,all_combined,1.000 ± nan,1.000 ± nan,1.000 ± nan,0.0 ± nan,1.000 ± nan,78763 ± nan,78763 ± nan,0 ± nan,0.066 ± nan,0.0 ± nan,1.0 ± nan,1.0,,78763.0,,1.0,,1.02 ± nan,2.58 ± nan,0.01 ± nan,2.92 ± nan
lead_time_surge,baseline,1.000 ± nan,0.965 ± nan,0.761 ± nan,23.9 ± nan,1.000 ± nan,84132 ± nan,75022 ± nan,9110 ± nan,0.034 ± nan,29.2 ± nan,32.0 ± nan,0.9648356522958202,,84132.0,,32.0,,30.75 ± nan,0.06 ± nan,0.01 ± nan,2.97 ± nan
lead_time_surge,dual_only,1.000 ± nan,0.965 ± nan,0.761 ± nan,23.9 ± nan,1.000 ± nan,84132 ± nan,75022 ± nan,9110 ± nan,0.033 ± nan,29.2 ± nan,32.0 ± nan,0.9648356522958202,,84132.0,,32.0,,30.75 ± nan,0.06 ± nan,0.01 ± nan,2.92 ± nan
lead_time_surge,safety_only,1.000 ± nan,0.994 ± nan,0.895 ± nan,10.5 ± nan,1.000 ± nan,103664 ± nan,102239 ± nan,1425 ± nan,0.032 ± nan,9.0 ± nan,17.0 ± nan,0.9935340333381054,,103664.0,,17.0,,18.23 ± nan,0.08 ± nan,0.01 ± nan,2.97 ± nan
lead_time_surge,flex_only,1.000 ± nan,0.994 ± nan,0.895 ± nan,10.5 ± nan,1.000 ± nan,103664 ± nan,102239 ± nan,1425 ± nan,0.032 ± nan,9.0 ± nan,17.0 ± nan,0.9935340333381054,,103664.0,,17.0,,18.23 ± nan,0.08 ± nan,0.01 ± nan,2.97 ± nan
lead_time_surge,dynalloc_only,1.000 ± nan,0.995 ± nan,0.917 ± nan,8.3 ± nan,1.000 ± nan,103344 ± nan,102744 ± nan,600 ± nan,0.035 ± nan,6.2 ± nan,16.0 ± nan,0.9952165806311409,,103344.0,,16.0,,12.62 ± nan,0.15 ± nan,0.01 ± nan,2.97 ± nan
lead_time_surge,all_combined,1.000 ± nan,1.000 ± nan,0.976 ± nan,2.4 ± nan,1.000 ± nan,126244 ± nan,126129 ± nan,115 ± nan,0.041 ± nan,1.0 ± nan,12.0 ± nan,0.9995926089582788,,126244.0,,12.0,,7.18 ± nan,0.33 ± nan,0.01 ± nan,2.92 ± nan
demand_spike,baseline,1.000 ± nan,0.987 ± nan,0.756 ± nan,24.4 ± nan,1.000 ± nan,128755 ± nan,124940 ± nan,3815 ± nan,0.017 ± nan,10.0 ± nan,11.0 ± nan,0.9865081471588731,,128755.0,,11.0,,15.51 ± nan,0.07 ± nan,0.01 ± nan,2.97 ± nan
demand_spike,dual_only,1.000 ± nan,0.987 ± nan,0.756 ± nan,24.4 ± nan,1.000 ± nan,128755 ± nan,124940 ± nan,3815 ± nan,0.017 ± nan,10.0 ± nan,11.0 ± nan,0.9865081471588731,,128755.0,,11.0,,15.51 ± nan,0.07 ± nan,0.01 ± nan,2.92 ± nan
demand_spike,safety_only,1.000 ± nan,0.996 ± nan,0.872 ± nan,12.8 ± nan,1.000 ± nan,167207 ± nan,165877 ± nan,1330 ± nan,0.017 ± nan,4.8 ± nan,6.0 ± nan,0.9957771306398444,,167207.0,,6.0,,11.44 ± nan,0.12 ± nan,0.02 ± nan,0.61 ± nan
demand_spike,flex_only,1.000 ± nan,0.996 ± nan,0.872 ± nan,12.8 ± nan,1.000 ± nan,167733 ± nan,166403 ± nan,1330 ± nan,0.017 ± nan,4.8 ± nan,6.0 ± nan,0.9957771306398444,,167733.0,,6.0,,11.44 ± nan,0.12 ± nan,0.00 ± nan,2.97 ± nan
demand_spike,dynalloc_only,1.000 ± nan,0.996 ± nan,0.908 ± nan,9.2 ± nan,1.000 ± nan,169262 ± nan,167992 ± nan,1270 ± nan,0.106 ± nan,4.5 ± nan,6.0 ± nan,0.9957037387717766,,169262.0,,6.0,,9.44 ± nan,0.28 ± nan,0.30 ± nan,0.13 ± nan
demand_spike,all_combined,1.000 ± nan,0.999 ± nan,0.974 ± nan,2.6 ± nan,1.000 ± nan,202065 ± nan,201835 ± nan,230 ± nan,0.020 ± nan,2.5 ± nan,2.0 ± nan,0.9992961771461482,,202065.0,,2.0,,8.21 ± nan,0.38 ± nan,0.09 ± nan,0.07 ± nan
